"subject_accession","study_accession","age","race","gender","CD4_T_cells","CD8_T_cells","T_cells"
"SUB114738","SDY89",62,"White","Male",NA,NA,NA
"SUB114740","SDY89",62,"White","Male",NA,NA,NA
"SUB114744","SDY89",52,"White","Female",NA,NA,NA
"SUB114747","SDY89",66,"White","Female",NA,NA,NA
"SUB114748","SDY89",67,"White","Male",NA,NA,NA
"SUB114763","SDY89",67,"White","Male",NA,NA,NA
"SUB114766","SDY89",54,"White","Female",NA,NA,NA
"SUB114770","SDY89",64,"White","Male",NA,NA,NA
"SUB114776","SDY89",62,"White","Female",NA,NA,NA
"SUB114780","SDY89",64,"White","Male",NA,NA,NA
"SUB114781","SDY89",69,"White","Female",NA,NA,NA
"SUB114783","SDY89",51,"White","Female",NA,NA,NA
"SUB116449","SDY112",69.4,"White","Male",NA,NA,46
"SUB116449","SDY312",67.35,"White","Male",NA,NA,71.9
"SUB116515","SDY112",74.3,"White","Female",NA,NA,52.7
"SUB116516","SDY112",85.7,"White","Female",NA,NA,50.4
"SUB116517","SDY112",90,"White","Male",NA,NA,54.3
"SUB116518","SDY112",75.4,"White","Male",NA,NA,52.1
"SUB116519","SDY112",25.4,"White","Male",NA,NA,54.8
"SUB116520","SDY112",79.1,"White","Male",NA,NA,93.4
"SUB116521","SDY112",85.6,"White","Female",NA,NA,60.6
"SUB116522","SDY112",83.5,"White","Male",NA,NA,53.8
"SUB116523","SDY112",26.5,"White","Female",NA,NA,60.9
"SUB116524","SDY112",29.2,"White","Male",NA,NA,68.1
"SUB116525","SDY112",28,"Asian","Female",NA,NA,57.3
"SUB116526","SDY112",20.5,"Other","Female",NA,NA,69
"SUB116527","SDY112",27.1,"White","Male",NA,NA,67.8
"SUB116528","SDY112",27,"White","Female",NA,NA,64.7
"SUB116529","SDY112",24.8,"Asian","Female",NA,NA,74.5
"SUB116530","SDY112",25.8,"White","Male",NA,NA,62.8
"SUB116531","SDY112",24.1,"Asian","Male",NA,NA,39.6
"SUB116532","SDY112",21.4,"Asian","Male",NA,NA,47.9
"SUB116533","SDY112",76.1,"White","Female",NA,NA,64.1
"SUB116534","SDY112",30.6,"White","Female",NA,NA,52
"SUB116535","SDY112",25,"Asian","Female",NA,NA,44.8
"SUB116536","SDY112",29.5,"Asian","Male",NA,NA,64.8
"SUB116537","SDY112",24.5,"White","Female",NA,NA,56.3
"SUB116538","SDY113",20.5,"Asian","Male",NA,NA,41.1625
"SUB116539","SDY113",22.7,"Other","Female",NA,NA,58.6375
"SUB116540","SDY113",23,"Other","Male",NA,NA,60.25
"SUB116541","SDY113",24,"Asian","Female",NA,NA,58.9375
"SUB116542","SDY113",23.9,"Asian","Female",NA,NA,54.75
"SUB116543","SDY113",23,"White","Male",NA,NA,61.0125
"SUB116544","SDY113",22.3,"Asian","Female",NA,NA,65.3625
"SUB116545","SDY113",29.5,"Asian","Male",NA,NA,55.975
"SUB116546","SDY113",28.4,"White","Male",NA,NA,66.8
"SUB116547","SDY113",22.4,"Asian","Female",NA,NA,64.7
"SUB116548","SDY113",28,"Other","Female",NA,NA,51.725
"SUB116549","SDY113",29.4,"Other","Female",NA,NA,65.9875
"SUB116550","SDY113",26.9,"White","Female",NA,NA,67.2
"SUB116551","SDY113",22.6,"Asian","Male",NA,NA,67.7875
"SUB116552","SDY113",23.9,"Other","Female",NA,NA,71.875
"SUB116553","SDY113",19.1,"Asian","Female",NA,NA,69.9
"SUB116554","SDY113",24,"Asian","Female",NA,NA,73.4875
"SUB116555","SDY113",19.7,"Asian","Male",NA,NA,65.2375
"SUB116556","SDY113",23.2,"White","Female",NA,NA,63.7125
"SUB116557","SDY113",19.7,"Asian","Female",NA,NA,66.225
"SUB116558","SDY113",26.3,"White","Male",NA,NA,51.5625
"SUB116559","SDY113",26.2,"White","Male",NA,NA,52.2
"SUB116560","SDY113",30.7,"Other","Male",NA,NA,39.35
"SUB116561","SDY113",18.8,"White","Male",NA,NA,51.075
"SUB116562","SDY113",23.2,"White","Female",NA,NA,53.5375
"SUB116563","SDY113",19.5,"White","Female",NA,NA,52.3375
"SUB116564","SDY113",24.3,"Other","Female",NA,NA,46.6625
"SUB116565","SDY113",27.7,"White","Male",NA,NA,62.9
"SUB116566","SDY113",22,"Asian","Male",NA,NA,44.4125
"SUB116567","SDY113",21.3,"White","Male",NA,NA,49.375
"SUB116578","SDY113",23.9,"Other","Male",NA,NA,72.2125
"SUB116579","SDY113",20,"White","Female",NA,NA,83
"SUB116580","SDY113",28.2,"Asian","Female",NA,NA,75.2125
"SUB116581","SDY113",19.8,"White","Female",NA,NA,76.2125
"SUB116582","SDY113",24.5,"White","Male",NA,NA,77.15
"SUB116583","SDY113",19.5,"Asian","Female",NA,NA,74.5625
"SUB116584","SDY113",20.4,"White","Female",NA,NA,68.5875
"SUB116585","SDY113",22,"Asian","Female",NA,NA,77.9625
"SUB116586","SDY113",24.8,"Asian","Male",NA,NA,71.1
"SUB118148","SDY144",12,"Other","Male",NA,NA,NA
"SUB118151","SDY144",10,"White","Male",NA,NA,NA
"SUB118153","SDY144",12,"White","Male",NA,NA,NA
"SUB118155","SDY144",12,"White","Female",NA,NA,NA
"SUB118156","SDY144",13,"White","Female",NA,NA,NA
"SUB118157","SDY144",13,"White","Female",NA,NA,NA
"SUB118158","SDY144",12,"White","Male",NA,NA,NA
"SUB118161","SDY144",6,"White","Male",NA,NA,NA
"SUB118164","SDY144",13,"White","Female",NA,NA,NA
"SUB118167","SDY144",11,"Asian","Female",NA,NA,NA
"SUB118168","SDY144",4,"White","Male",NA,NA,NA
"SUB118169","SDY144",2,"White","Female",NA,NA,NA
"SUB118170","SDY144",1.16,"White","Female",NA,NA,NA
"SUB118171","SDY144",4,"Asian","Male",NA,NA,NA
"SUB118174","SDY144",4,"White","Male",NA,NA,NA
"SUB118183","SDY144",0.5,"Other","Male",NA,NA,NA
"SUB119112","SDY167",34,"Black or African American","Female",68.4,20,71.4333333333333
"SUB119113","SDY167",28,"White","Female",68.4,21.4,71.2333333333333
"SUB119114","SDY167",46,"White","Female",48.3333333333333,22.7666666666667,51.6666666666667
"SUB119115","SDY167",38,"Black or African American","Female",49.1666666666667,13.5,52.1
"SUB119116","SDY167",45,"White","Male",56.2666666666667,13.8333333333333,59.5666666666667
"SUB119117","SDY167",31,"White","Male",64.9666666666667,20.8333333333333,68.4666666666667
"SUB119118","SDY167",23,"White","Male",68.9333333333333,16.7666666666667,71.7666666666667
"SUB119119","SDY167",54,"White","Male",46.7333333333333,22.2333333333333,49.7
"SUB119120","SDY167",43,"White","Female",44.3333333333333,16.3333333333333,47.3
"SUB119121","SDY167",41,"White","Female",49.8666666666667,16.3333333333333,51.8333333333333
"SUB119122","SDY167",29,"White","Female",49,18.4333333333333,53.8666666666667
"SUB119123","SDY167",38,"Black or African American","Female",57.0333333333333,21.2333333333333,61.9333333333333
"SUB119124","SDY167",37,"White","Female",66.2333333333333,30.2333333333333,70.2666666666667
"SUB119125","SDY167",31,"White","Female",62.9333333333333,20.6333333333333,70.6666666666667
"SUB119126","SDY167",23,"White","Female",57.3666666666667,24.1333333333333,62.5
"SUB119127","SDY167",23,"White","Male",55.8333333333333,12.9666666666667,57.9
"SUB119128","SDY167",56,"Asian","Male",61.1333333333333,9.36666666666667,62.2333333333333
"SUB119129","SDY167",37,"White","Male",67.8333333333333,22.4666666666667,70.5
"SUB119130","SDY167",47,"White","Male",50.3,17.5333333333333,53.5
"SUB119131","SDY167",41,"White","Female",65.65,25.2,67.85
"SUB119132","SDY167",55,"White","Female",61.8666666666667,20.1666666666667,66.9333333333333
"SUB119133","SDY167",44,"Black or African American","Male",48.2666666666667,18.1,49.6666666666667
"SUB119134","SDY167",19,"Black or African American","Male",61.6333333333333,27.9333333333333,66.7333333333333
"SUB119135","SDY167",48,"White","Female",63.7333333333333,13.0666666666667,65.7
"SUB119136","SDY167",42,"White","Male",53.3,20.1333333333333,55.6333333333333
"SUB119137","SDY167",29,"White","Male",58,13.4666666666667,62.1666666666667
"SUB119138","SDY167",43,"White","Male",53.2666666666667,14.0666666666667,57.8
"SUB119139","SDY167",28,"White","Female",43.2666666666667,16.8666666666667,47.2333333333333
"SUB119140","SDY167",37,"White","Male",49.0333333333333,9.83333333333333,53.6333333333333
"SUB119141","SDY167",35,"White","Male",55.1666666666667,12.0666666666667,58.4666666666667
"SUB119142","SDY167",57,"White","Female",52.2666666666667,16.7,54.8333333333333
"SUB119143","SDY167",33,"White","Female",54.9666666666667,27.8,58.3666666666667
"SUB119144","SDY167",54,"White","Male",49.7333333333333,6.76666666666667,50.7666666666667
"SUB119145","SDY167",40,"Other","Female",68.0666666666667,24.6333333333333,74.2333333333333
"SUB119146","SDY167",41,"White","Female",61.8,24,64.7333333333333
"SUB119147","SDY167",48,"White","Male",66.5,15.8333333333333,67.8333333333333
"SUB119148","SDY167",26,"White","Female",59.9333333333333,19.2333333333333,64.9
"SUB119149","SDY167",53,"White","Female",71.7666666666667,15.6333333333333,73.3333333333333
"SUB119150","SDY167",38,"Asian","Male",54.6666666666667,18.7333333333333,58.9
"SUB119151","SDY167",50,"White","Male",61.8,23.6333333333333,63.6
"SUB119152","SDY167",42,"White","Female",58.4333333333333,27,68.5666666666667
"SUB119153","SDY167",55,"White","Female",59.9666666666667,13.8666666666667,61.6
"SUB119155","SDY167",22,"White","Female",65.5,17.9333333333333,72.0333333333333
"SUB119156","SDY167",51,"White","Female",56.2333333333333,19.8,61.5333333333333
"SUB120321","SDY202",27,"White","Male",NA,NA,44.7857142857143
"SUB120322","SDY202",29,"White","Male",NA,NA,49.2142857142857
"SUB120323","SDY202",27,"White","Male",NA,NA,53.5285714285714
"SUB120324","SDY202",24,"White","Male",NA,NA,67
"SUB120325","SDY202",30,"White","Female",NA,NA,57.1428571428571
"SUB120326","SDY202",29,"White","Female",NA,NA,70.5285714285714
"SUB120327","SDY202",32,"White","Male",NA,NA,51.1428571428571
"SUB120328","SDY202",29,"White","Male",NA,NA,41.1571428571429
"SUB120329","SDY202",20,"White","Female",NA,NA,65.7
"SUB120330","SDY202",22,"White","Male",NA,NA,67.5571428571429
"SUB120331","SDY202",18,"White","Male",NA,NA,67.95
"SUB120332","SDY202",22,"Other","Male",NA,NA,61.0875
"SUB120333","SDY202",24,"White","Male",NA,NA,59.775
"SUB120334","SDY202",21,"White","Female",NA,NA,77.25
"SUB120335","SDY202",31,"White","Female",NA,NA,76.825
"SUB120336","SDY202",24,"Other","Female",NA,NA,60.7
"SUB120337","SDY202",27,"Other","Female",NA,NA,66.1875
"SUB120338","SDY202",19,"Other","Female",NA,NA,54.3375
"SUB120339","SDY202",27,"White","Female",NA,NA,47.425
"SUB120340","SDY202",27,"White","Male",NA,NA,58.7625
"SUB120341","SDY202",68,"White","Male",NA,NA,49.0125
"SUB120342","SDY202",68,"White","Male",NA,NA,71.5125
"SUB120343","SDY202",63,"White","Female",NA,NA,58.8625
"SUB120344","SDY202",66,"White","Female",NA,NA,48.9
"SUB120345","SDY202",67,"White","Female",NA,NA,62.8625
"SUB120346","SDY202",60,"White","Female",NA,NA,52.9875
"SUB120347","SDY202",69,"White","Female",NA,NA,65.2625
"SUB120348","SDY202",67,"White","Female",NA,NA,50.55
"SUB120349","SDY202",62,"White","Female",NA,NA,67.7125
"SUB120350","SDY202",63,"White","Female",NA,NA,42.05
"SUB120351","SDY202",68,"White","Male",NA,NA,53.275
"SUB120352","SDY202",63,"White","Female",NA,NA,73.5875
"SUB120353","SDY202",64,"White","Female",NA,NA,63.5625
"SUB120354","SDY202",66,"White","Male",NA,NA,28.7625
"SUB120355","SDY202",68,"White","Female",NA,NA,61.9625
"SUB120356","SDY202",69,"White","Female",NA,NA,82.725
"SUB120357","SDY202",67,"White","Male",NA,NA,49.875
"SUB120358","SDY202",68,"White","Female",NA,NA,67.975
"SUB120359","SDY202",62,"White","Male",NA,NA,54.6875
"SUB120361","SDY202",79,"White","Male",NA,NA,56.4375
"SUB120362","SDY202",72,"White","Male",NA,NA,40.9125
"SUB120363","SDY202",75,"White","Female",NA,NA,60.9875
"SUB120364","SDY202",72,"White","Female",NA,NA,54.0375
"SUB120365","SDY202",70,"White","Male",NA,NA,65.275
"SUB120366","SDY202",77,"White","Female",NA,NA,58.6875
"SUB120367","SDY202",79,"White","Male",NA,NA,70.6625
"SUB120368","SDY202",73,"White","Male",NA,NA,62.7375
"SUB120369","SDY202",80,"White","Female",NA,NA,51.4125
"SUB120370","SDY202",74,"White","Male",NA,NA,64.8875
"SUB120371","SDY202",81,"White","Male",NA,NA,70.175
"SUB120372","SDY202",71,"White","Female",NA,NA,63.3625
"SUB120373","SDY202",76,"White","Male",NA,NA,72.4125
"SUB120374","SDY202",75,"White","Male",NA,NA,58.1125
"SUB120375","SDY202",75,"White","Female",NA,NA,65.125
"SUB120376","SDY202",77,"White","Male",NA,NA,59.05
"SUB120377","SDY202",76,"White","Female",NA,NA,57.6625
"SUB120378","SDY202",80,"White","Female",NA,NA,73.7375
"SUB122716","SDY296",48,"White","Female",NA,NA,15.8
"SUB122717","SDY296",26,"White","Female",NA,NA,16.275
"SUB122718","SDY296",27,"White","Male",NA,NA,19.3
"SUB122719","SDY296",50,"Black or African American","Male",NA,NA,26.95
"SUB122720","SDY296",39,"White","Female",NA,NA,22
"SUB122721","SDY296",43,"White","Male",NA,NA,31.5
"SUB122722","SDY296",42,"White","Female",NA,NA,26.65
"SUB122723","SDY296",33,"White","Female",NA,NA,19.8
"SUB122724","SDY296",35,"Black or African American","Female",NA,NA,23.25
"SUB122725","SDY296",27,"Black or African American","Male",NA,NA,12.6
"SUB122726","SDY296",27,"Black or African American","Female",NA,NA,12.25
"SUB122727","SDY296",27,"White","Female",NA,NA,18.7
"SUB122728","SDY296",31,"Black or African American","Female",NA,NA,16.7
"SUB122729","SDY296",21,"Black or African American","Female",NA,NA,24.8
"SUB122732","SDY296",46,"White","Male",NA,NA,20.35
"SUB122733","SDY296",22,"Black or African American","Female",NA,NA,19.4
"SUB122734","SDY296",55,"White","Female",NA,NA,16.45
"SUB122735","SDY296",43,"White","Female",NA,NA,11.7
"SUB122736","SDY296",51,"White","Female",NA,NA,18.15
"SUB122737","SDY296",51,"Black or African American","Female",NA,NA,11.15
"SUB122738","SDY296",28,"Black or African American","Female",NA,NA,15.1
"SUB122739","SDY296",36,"Black or African American","Male",NA,NA,30.4
"SUB122740","SDY296",44,"Black or African American","Female",NA,NA,26.3
"SUB122741","SDY296",27,"Black or African American","Female",NA,NA,20.55
"SUB122742","SDY296",58,"White","Male",NA,NA,10.25
"SUB122743","SDY296",56,"White","Female",NA,NA,16
"SUB122744","SDY296",22,"White","Male",NA,NA,24
"SUB122745","SDY296",25,"White","Male",NA,NA,18.15
"SUB122746","SDY296",54,"White","Female",NA,NA,18.05
"SUB122747","SDY296",40,"Black or African American","Male",NA,NA,12.9
"SUB122748","SDY296",24,"Black or African American","Male",NA,NA,19.6
"SUB122749","SDY296",21,"White","Male",NA,NA,22.6
"SUB122750","SDY296",46,"Black or African American","Male",NA,NA,7.8
"SUB122751","SDY296",49,"White","Female",NA,NA,28.95
"SUB122752","SDY296",35,"Black or African American","Female",NA,NA,24.7
"SUB122753","SDY296",37,"Black or African American","Female",NA,NA,12.55
"SUB122754","SDY296",29,"Black or African American","Female",NA,NA,15.35
"SUB122755","SDY296",53,"White","Female",NA,NA,19.6
"SUB122756","SDY296",57,"White","Female",NA,NA,27.65
"SUB133685","SDY296",40,"White","Female",NA,NA,44.9
"SUB133686","SDY296",40,"White","Male",NA,NA,10.8
"SUB134236","SDY212",24.07,"White","Female",NA,NA,59.9166666666667
"SUB134236","SDY312",24.98,"White","Female",NA,NA,72.4
"SUB134237","SDY212",24.97,"Asian","Male",NA,NA,77.3
"SUB134237","SDY311",26.87,"Asian","Male",NA,NA,70.2
"SUB134237","SDY312",25.93,"Asian","Male",NA,NA,75.2
"SUB134238","SDY212",84.06,"White","Female",NA,NA,78.9
"SUB134238","SDY311",86.06,"White","Female",NA,NA,52.8
"SUB134238","SDY312",85.04,"White","Female",NA,NA,75.9
"SUB134239","SDY112",64.9,"White","Female",NA,NA,48.9
"SUB134239","SDY212",61.84,"White","Female",NA,NA,78.4
"SUB134239","SDY312",62.86,"White","Female",NA,NA,68.8
"SUB134240","SDY112",65.9,"White","Female",NA,NA,65
"SUB134240","SDY212",62.86,"White","Female",NA,NA,71.6
"SUB134240","SDY311",64.85,"White","Female",NA,NA,56.8
"SUB134240","SDY312",63.88,"White","Female",NA,NA,64.5
"SUB134241","SDY212",24.92,"White","Male",NA,NA,70
"SUB134241","SDY311",26.99,"White","Male",NA,NA,53.4
"SUB134241","SDY312",25.96,"White","Male",NA,NA,78.3
"SUB134242","SDY112",29.9,"White","Male",NA,NA,61.6
"SUB134242","SDY212",26.86,"White","Male",NA,NA,58.3
"SUB134242","SDY312",27.94,"White","Male",NA,NA,68.5
"SUB134243","SDY112",68.9,"White","Female",NA,NA,34
"SUB134243","SDY212",66.01,"White","Female",NA,NA,56.7
"SUB134243","SDY311",67.94,"White","Female",NA,NA,63
"SUB134244","SDY112",66.7,"White","Male",NA,NA,61.9
"SUB134244","SDY212",63.67,"White","Male",NA,NA,66.3
"SUB134244","SDY311",65.68,"White","Male",NA,NA,66.6
"SUB134244","SDY312",64.66,"White","Male",NA,NA,83.9
"SUB134245","SDY112",68.6,"White","Female",NA,NA,51.9
"SUB134245","SDY212",65.52,"White","Female",NA,NA,72
"SUB134245","SDY312",66.53,"White","Female",NA,NA,57.6
"SUB134246","SDY112",78.1,"White","Male",NA,NA,48.5
"SUB134246","SDY212",74.99,"White","Male",NA,NA,61.8
"SUB134246","SDY312",76,"White","Male",NA,NA,69.8
"SUB134247","SDY112",65.4,"White","Male",NA,NA,79.1
"SUB134247","SDY212",62.46,"White","Male",NA,NA,59.2
"SUB134247","SDY312",63.36,"White","Male",NA,NA,71.9
"SUB134248","SDY112",64.6,"White","Male",NA,NA,62.1
"SUB134248","SDY212",61.62,"White","Male",NA,NA,67.3
"SUB134248","SDY312",62.63,"White","Male",NA,NA,76.8
"SUB134249","SDY112",29.1,"Other","Female",NA,NA,50
"SUB134249","SDY212",26.01,"Other","Female",NA,NA,63.8
"SUB134249","SDY311",28.15,"Other","Female",NA,NA,67.5
"SUB134249","SDY312",27,"Other","Female",NA,NA,63.3
"SUB134250","SDY112",27.8,"Other","Female",NA,NA,83.9
"SUB134250","SDY212",24.81,"Other","Female",NA,NA,70.7
"SUB134250","SDY312",25.83,"Other","Female",NA,NA,75
"SUB134251","SDY112",32.2,"White","Female",NA,NA,70
"SUB134251","SDY212",29.23,"White","Female",NA,NA,63.6
"SUB134251","SDY311",31.15,"White","Female",NA,NA,75.5
"SUB134252","SDY112",27.2,"Asian","Male",NA,NA,32.1
"SUB134252","SDY212",24.15,"Asian","Male",NA,NA,72.2
"SUB134252","SDY311",26.22,"Asian","Male",NA,NA,66.3
"SUB134252","SDY312",25.02,"Asian","Male",NA,NA,58.3
"SUB134253","SDY112",25.7,"Asian","Female",NA,NA,69.1
"SUB134253","SDY212",22.67,"Asian","Female",NA,NA,69.7
"SUB134254","SDY112",88,"White","Male",NA,NA,51
"SUB134254","SDY212",85.17,"White","Male",NA,NA,60.4
"SUB134254","SDY312",86.04,"White","Male",NA,NA,47.3
"SUB134255","SDY112",87.5,"White","Male",NA,NA,16.6
"SUB134255","SDY212",84.55,"White","Male",NA,NA,51.2
"SUB134255","SDY311",86.57,"White","Male",NA,NA,33.8
"SUB134256","SDY112",86.9,"White","Female",NA,NA,54.6
"SUB134256","SDY212",83.89,"White","Female",NA,NA,62.2
"SUB134256","SDY311",85.9,"White","Female",NA,NA,70.8
"SUB134256","SDY312",84.98,"White","Female",NA,NA,63.6
"SUB134257","SDY112",87.6,"White","Female",NA,NA,70.8
"SUB134257","SDY212",84.51,"White","Female",NA,NA,57.6
"SUB134257","SDY311",86.43,"White","Female",NA,NA,66.6
"SUB134258","SDY112",88.4,"White","Female",NA,NA,58.7
"SUB134258","SDY212",85.41,"White","Female",NA,NA,76.4
"SUB134258","SDY311",87.43,"White","Female",NA,NA,62.5
"SUB134259","SDY112",88.8,"White","Male",NA,NA,76.5
"SUB134259","SDY212",85.9,"White","Male",NA,NA,73.3
"SUB134259","SDY311",87.79,"White","Male",NA,NA,60.3
"SUB134259","SDY312",86.82,"White","Male",NA,NA,68
"SUB134260","SDY112",68.5,"White","Female",NA,NA,85.3
"SUB134260","SDY212",65.56,"White","Female",NA,NA,78
"SUB134260","SDY312",66.46,"White","Female",NA,NA,74.1
"SUB134261","SDY112",81.8,"White","Female",NA,NA,61.2
"SUB134261","SDY212",78.75,"White","Female",NA,NA,58.2
"SUB134261","SDY311",80.86,"White","Female",NA,NA,62.8
"SUB134261","SDY312",79.75,"White","Female",NA,NA,64.4
"SUB134262","SDY112",87.2,"Other","Male",NA,NA,46.6
"SUB134262","SDY212",84.17,"Other","Male",NA,NA,74.7
"SUB134263","SDY112",76.1,"White","Female",NA,NA,49.7
"SUB134263","SDY212",72.98,"White","Female",NA,NA,63.2
"SUB134263","SDY312",73.96,"White","Female",NA,NA,71.6
"SUB134264","SDY112",71.2,"White","Female",NA,NA,59
"SUB134264","SDY212",68.08,"White","Female",NA,NA,55.4
"SUB134264","SDY311",70.06,"White","Female",NA,NA,61.9
"SUB134265","SDY112",88.9,"White","Female",NA,NA,63
"SUB134265","SDY212",85.82,"White","Female",NA,NA,61.4
"SUB134266","SDY112",78.3,"White","Male",NA,NA,45
"SUB134266","SDY212",75.28,"White","Male",NA,NA,80.8
"SUB134266","SDY312",76.25,"White","Male",NA,NA,63.3
"SUB134267","SDY112",90,"White","Male",NA,NA,75.7
"SUB134267","SDY212",90,"White","Male",NA,NA,71.1
"SUB134267","SDY311",90,"White","Male",NA,NA,73.3
"SUB134268","SDY212",29.71,"White","Female",NA,NA,55.7
"SUB134268","SDY312",30.65,"White","Female",NA,NA,73.8
"SUB134269","SDY112",74.8,"White","Female",NA,NA,57
"SUB134269","SDY212",71.86,"White","Female",NA,NA,66
"SUB134269","SDY311",73.86,"White","Female",NA,NA,60.7
"SUB134270","SDY112",69.6,"White","Male",NA,NA,32.3
"SUB134270","SDY212",66.57,"White","Male",NA,NA,65.3
"SUB134270","SDY311",68.56,"White","Male",NA,NA,46.9
"SUB134271","SDY212",86.61,"White","Female",NA,NA,73.4
"SUB134272","SDY112",75.6,"White","Male",NA,NA,56.7
"SUB134272","SDY212",72.71,"White","Male",NA,NA,52.6
"SUB134272","SDY311",74.6,"White","Male",NA,NA,61.1
"SUB134272","SDY312",73.59,"White","Male",NA,NA,56.7
"SUB134273","SDY112",71.5,"White","Female",NA,NA,58.6
"SUB134273","SDY212",68.64,"White","Female",NA,NA,62
"SUB134273","SDY311",70.57,"White","Female",NA,NA,58.5
"SUB134273","SDY312",69.52,"White","Female",NA,NA,74.5
"SUB134274","SDY112",83.7,"White","Female",NA,NA,72.4
"SUB134274","SDY212",80.79,"White","Female",NA,NA,72.8
"SUB134274","SDY311",82.74,"White","Female",NA,NA,64
"SUB134274","SDY312",81.73,"White","Female",NA,NA,65
"SUB134275","SDY212",21.95,"White","Male",NA,NA,85.1
"SUB134275","SDY311",23.93,"White","Male",NA,NA,71.4
"SUB134275","SDY312",22.95,"White","Male",NA,NA,75.2
"SUB134276","SDY112",90,"White","Female",NA,NA,50.1
"SUB134276","SDY212",86.47,"White","Female",NA,NA,70.9
"SUB134277","SDY212",30.75,"Asian","Male",NA,NA,56.8
"SUB134277","SDY312",31.61,"Asian","Male",NA,NA,62.95
"SUB134278","SDY112",86.5,"White","Female",NA,NA,42.7
"SUB134278","SDY212",83.59,"White","Female",NA,NA,71.4
"SUB134278","SDY311",85.51,"White","Female",NA,NA,43
"SUB134278","SDY312",84.51,"White","Female",NA,NA,42.3
"SUB134279","SDY112",65.7,"White","Female",NA,NA,48.9
"SUB134279","SDY212",62.62,"White","Female",NA,NA,82.2
"SUB134279","SDY311",64.72,"White","Female",NA,NA,58.4
"SUB134279","SDY312",63.72,"White","Female",NA,NA,71.6
"SUB134280","SDY112",80.3,"White","Female",NA,NA,64.2
"SUB134280","SDY212",77.27,"White","Female",NA,NA,68.7
"SUB134280","SDY312",78.23,"White","Female",NA,NA,65.7
"SUB134281","SDY112",81.6,"White","Female",NA,NA,47.8
"SUB134281","SDY212",78.7,"White","Female",NA,NA,68.6
"SUB134281","SDY311",80.62,"White","Female",NA,NA,75.1
"SUB134281","SDY312",79.66,"White","Female",NA,NA,80.9
"SUB134282","SDY212",78.72,"White","Female",NA,NA,71.5
"SUB134282","SDY311",80.69,"White","Female",NA,NA,53.2
"SUB134282","SDY312",79.67,"White","Female",NA,NA,71.8
"SUB134283","SDY112",87.6,"White","Female",NA,NA,47.4
"SUB134283","SDY311",86.6,"White","Female",NA,NA,50.7
"SUB134284","SDY212",80.38,"White","Male",NA,NA,63
"SUB134285","SDY311",87.87,"White","Female",NA,NA,63.6
"SUB134285","SDY312",86.88,"White","Female",NA,NA,76.8
"SUB134286","SDY112",69.6,"White","Female",NA,NA,39.8
"SUB134286","SDY212",66.66,"White","Female",NA,NA,61.5
"SUB134286","SDY311",68.61,"White","Female",NA,NA,67.4
"SUB134286","SDY312",67.69,"White","Female",NA,NA,73.4
"SUB134287","SDY212",86.48,"White","Female",NA,NA,46.4
"SUB134287","SDY311",88.44,"White","Female",NA,NA,59.8
"SUB134287","SDY312",87.42,"White","Female",NA,NA,56.1
"SUB134288","SDY112",86.9,"White","Male",NA,NA,62.3
"SUB134288","SDY212",83.99,"White","Male",NA,NA,59.1
"SUB134288","SDY311",85.95,"White","Male",NA,NA,71
"SUB134288","SDY312",84.93,"White","Male",NA,NA,72.7
"SUB134289","SDY112",76.2,"White","Male",NA,NA,69.9
"SUB134289","SDY212",73.24,"White","Male",NA,NA,74.7
"SUB134289","SDY312",74.21,"White","Male",NA,NA,73.2
"SUB134290","SDY212",64.2,"White","Female",NA,NA,73.3
"SUB134290","SDY312",65.16,"White","Female",NA,NA,65
"SUB134291","SDY212",61.49,"White","Female",NA,NA,73.9
"SUB134291","SDY312",62.51,"White","Female",NA,NA,73.3
"SUB134292","SDY112",71.9,"White","Female",NA,NA,45.1
"SUB134292","SDY212",68.97,"White","Female",NA,NA,62.7
"SUB134292","SDY311",71.02,"White","Female",NA,NA,63.7
"SUB134293","SDY112",29.4,"White","Female",NA,NA,64.1
"SUB134293","SDY212",26.5,"White","Female",NA,NA,62.6
"SUB134293","SDY311",28.37,"White","Female",NA,NA,58.6
"SUB134293","SDY312",27.44,"White","Female",NA,NA,73.3
"SUB134294","SDY112",78,"White","Male",NA,NA,54
"SUB134294","SDY311",77.06,"White","Male",NA,NA,75.2
"SUB134294","SDY312",76.05,"White","Male",NA,NA,74.6
"SUB134295","SDY112",90,"White","Male",NA,NA,59.1
"SUB134295","SDY212",87.55,"White","Male",NA,NA,53.9
"SUB134295","SDY311",90,"White","Male",NA,NA,52.1
"SUB134295","SDY312",88.5,"White","Male",NA,NA,58.8
"SUB134296","SDY112",90,"White","Female",NA,NA,52.3
"SUB134296","SDY212",87.1,"White","Female",NA,NA,52.7
"SUB134296","SDY312",88.06,"White","Female",NA,NA,66.2
"SUB134297","SDY212",71.55,"White","Male",NA,NA,73.4
"SUB134297","SDY311",73.52,"White","Male",NA,NA,73.2
"SUB134297","SDY312",72.51,"White","Male",NA,NA,81.9
"SUB134298","SDY112",80.5,"White","Male",NA,NA,50.9
"SUB134298","SDY311",79.66,"White","Male",NA,NA,69.1
"SUB134298","SDY312",78.53,"White","Male",NA,NA,62.7
"SUB134299","SDY112",90,"White","Male",NA,NA,65.7
"SUB134299","SDY311",90,"White","Male",NA,NA,61.7
"SUB134299","SDY312",90,"White","Male",NA,NA,77.1
"SUB134300","SDY112",64.7,"White","Female",NA,NA,55
"SUB134300","SDY212",61.72,"White","Female",NA,NA,69.3
"SUB134300","SDY312",62.66,"White","Female",NA,NA,74.5
"SUB134301","SDY112",90,"White","Female",NA,NA,55
"SUB134301","SDY311",90,"White","Female",NA,NA,51.9
"SUB134301","SDY312",90,"White","Female",NA,NA,68.05
"SUB134302","SDY212",21,"White","Male",NA,NA,73.6
"SUB134302","SDY311",23.09,"White","Male",NA,NA,68.1
"SUB134302","SDY312",22.07,"White","Male",NA,NA,75.1
"SUB134303","SDY112",28.6,"White","Male",NA,NA,64
"SUB134303","SDY212",25.72,"White","Male",NA,NA,63.1
"SUB134304","SDY112",27.5,"Asian","Female",NA,NA,84.9
"SUB134304","SDY212",24.59,"Asian","Female",NA,NA,78.3
"SUB134304","SDY311",26.55,"Asian","Female",NA,NA,64.3
"SUB134304","SDY312",25.54,"Asian","Female",NA,NA,60.6
"SUB134305","SDY312",87.69,"White","Female",NA,NA,67.5
"SUB134307","SDY112",28.5,"White","Male",NA,NA,75.6
"SUB134307","SDY311",27.5,"White","Male",NA,NA,64.4
"SUB134308","SDY112",90,"Asian","Female",NA,NA,81.1
"SUB134308","SDY312",90,"Asian","Female",NA,NA,56.6
"SUB134309","SDY312",26.01,"White","Male",NA,NA,67.9
"SUB134310","SDY311",63.23,"White","Female",NA,NA,44.3
"SUB134310","SDY312",62.15,"White","Female",NA,NA,63.4
"SUB134311","SDY312",28,"White","Female",NA,NA,66
"SUB134312","SDY312",90,"White","Male",NA,NA,57.2
"SUB134313","SDY312",30.11,"White","Male",NA,NA,69.2
"SUB134314","SDY312",24.3,"Asian","Male",NA,NA,69.7
"SUB134315","SDY112",87.3,"White","Female",NA,NA,62.9
"SUB134315","SDY311",86.29,"White","Female",NA,NA,76.5
"SUB134317","SDY112",85,"White","Female",NA,NA,56.6
"SUB134317","SDY311",83.97,"White","Female",NA,NA,52.4
"SUB134317","SDY312",82.99,"White","Female",NA,NA,72
"SUB134318","SDY112",32.1,"Asian","Female",NA,NA,72.1
"SUB134318","SDY311",31.15,"Asian","Female",NA,NA,72.4
"SUB134318","SDY312",30.1,"Asian","Female",NA,NA,52.1
"SUB134319","SDY311",26.98,"Other","Female",NA,NA,61.1
"SUB134320","SDY112",30.2,"White","Male",NA,NA,64.2
"SUB134320","SDY311",29.22,"White","Male",NA,NA,55
"SUB134320","SDY312",28.29,"White","Male",NA,NA,70
"SUB134321","SDY312",24.19,"White","Male",NA,NA,70.9
"SUB134322","SDY112",31.1,"Other","Female",NA,NA,65.6
"SUB134322","SDY311",30.05,"Other","Female",NA,NA,70.4
"SUB134322","SDY312",29.02,"Other","Female",NA,NA,79.1
"SUB134323","SDY112",26.8,"Other","Female",NA,NA,71.6
"SUB134323","SDY312",24.75,"Other","Female",NA,NA,67.5
"SUB134324","SDY112",23.8,"Other","Male",NA,NA,71.4
"SUB134324","SDY312",21.56,"Other","Male",NA,NA,78.5
"SUB134325","SDY112",87.1,"White","Female",NA,NA,49.9
"SUB134325","SDY312",85.16,"White","Female",NA,NA,71.2
"SUB134326","SDY311",27.34,"White","Male",NA,NA,63.3
"SUB134326","SDY312",26.25,"White","Male",NA,NA,54.4
"SUB135671","SDY364",13.9,"White","Male",NA,NA,NA
"SUB135672","SDY364",13.6,"Other","Male",NA,NA,NA
"SUB135673","SDY364",12.8,"Asian","Female",NA,NA,NA
"SUB135674","SDY364",1.2,"Other","Male",NA,NA,NA
"SUB135675","SDY364",7.7,"White","Male",NA,NA,NA
"SUB135676","SDY364",14.9,"White","Female",NA,NA,NA
"SUB135677","SDY364",13.2,"White","Male",NA,NA,NA
"SUB135678","SDY364",15.4,"White","Male",NA,NA,NA
"SUB135679","SDY364",11.8,"White","Male",NA,NA,NA
"SUB135680","SDY364",5.3,"Asian","Male",NA,NA,NA
"SUB135681","SDY364",4.4,"White","Female",NA,NA,NA
"SUB135682","SDY364",1.2,"Black or African American","Male",NA,NA,NA
"SUB135683","SDY364",12.7,"White","Male",NA,NA,NA
"SUB135684","SDY364",0.7,"White","Male",NA,NA,NA
"SUB135685","SDY364",0.9,"White","Female",NA,NA,NA
"SUB135686","SDY364",1.1,"White","Male",NA,NA,NA
"SUB135687","SDY364",1.7,"Other","Male",NA,NA,NA
"SUB135688","SDY364",1.4,"White","Female",NA,NA,NA
"SUB135689","SDY364",0.6,"White","Male",NA,NA,NA
"SUB135690","SDY364",2.8,"Other","Female",NA,NA,NA
"SUB135691","SDY364",2.2,"White","Male",NA,NA,NA
"SUB135692","SDY364",3.5,"Black or African American","Male",NA,NA,NA
"SUB135693","SDY364",0.6,"White","Male",NA,NA,NA
"SUB135717","SDY368",13,"Other","Male",NA,NA,NA
"SUB135718","SDY368",14,"Other","Male",NA,NA,NA
"SUB135719","SDY368",14,"White","Male",NA,NA,NA
"SUB135720","SDY368",9,"White","Female",NA,NA,NA
"SUB135721","SDY368",13,"White","Female",NA,NA,NA
"SUB135722","SDY368",15,"White","Female",NA,NA,NA
"SUB135723","SDY368",8,"White","Male",NA,NA,NA
"SUB135724","SDY368",10,"White","Male",NA,NA,NA
"SUB135725","SDY368",18,"White","Female",NA,NA,NA
"SUB135726","SDY368",18,"White","Female",NA,NA,NA
"SUB135727","SDY368",15,"White","Male",NA,NA,NA
"SUB135728","SDY368",13,"White","Female",NA,NA,NA
"SUB135729","SDY368",16,"White","Female",NA,NA,NA
"SUB135730","SDY368",15,"White","Male",NA,NA,NA
"SUB135731","SDY368",12,"Black or African American","Female",NA,NA,NA
"SUB135732","SDY368",10,"Black or African American","Female",NA,NA,NA
"SUB135733","SDY368",14,"White","Male",NA,NA,NA
"SUB135734","SDY368",16,"White","Male",NA,NA,NA
"SUB135735","SDY368",15,"White","Male",NA,NA,NA
"SUB135736","SDY368",13,"Black or African American","Male",NA,NA,NA
"SUB135737","SDY368",13,"Black or African American","Female",NA,NA,NA
"SUB135738","SDY368",15,"White","Female",NA,NA,NA
"SUB135864","SDY387",12,"White","Male",NA,NA,NA
"SUB135865","SDY387",13.6,"White","Female",NA,NA,NA
"SUB135866","SDY387",14.7,"White","Male",NA,NA,NA
"SUB135867","SDY387",9.5,"Asian","Female",NA,NA,NA
"SUB135868","SDY387",13.4,"White","Male",NA,NA,NA
"SUB135869","SDY387",11.2,"White","Male",NA,NA,NA
"SUB135870","SDY387",12.7,"White","Male",NA,NA,NA
"SUB135871","SDY387",11.7,"White","Male",NA,NA,NA
"SUB135872","SDY387",9.8,"White","Male",NA,NA,NA
"SUB135873","SDY387",13.5,"White","Male",NA,NA,NA
"SUB135874","SDY387",10.6,"White","Female",NA,NA,NA
"SUB135875","SDY387",10.7,"White","Male",NA,NA,NA
"SUB135876","SDY387",13.7,"White","Female",NA,NA,NA
"SUB135877","SDY387",13.1,"White","Female",NA,NA,NA
"SUB135878","SDY387",10.9,"White","Female",NA,NA,NA
"SUB135879","SDY387",12.7,"White","Female",NA,NA,NA
"SUB135880","SDY387",10.8,"Asian","Female",NA,NA,NA
"SUB135881","SDY387",8.2,"White","Male",NA,NA,NA
"SUB135882","SDY387",10.9,"Black or African American","Male",NA,NA,NA
"SUB135883","SDY387",5.9,"White","Male",NA,NA,NA
"SUB142465","SDY202",28,"White","Female",NA,NA,61.425
"SUB142466","SDY202",33,"White","Male",NA,NA,57.65
"SUB142467","SDY202",20,"Other","Female",NA,NA,61.2125
"SUB142468","SDY202",28,"White","Female",NA,NA,78.65
"SUB142469","SDY202",23,"Other","Female",NA,NA,71.6375
"SUB142470","SDY202",26,"White","Female",NA,NA,72.9375
"SUB142471","SDY202",33,"Other","Female",NA,NA,69.1375
"SUB142472","SDY202",25,"White","Female",NA,NA,65.3125
"SUB142473","SDY202",28,"White","Female",NA,NA,64.35
"SUB142474","SDY202",30,"White","Female",NA,NA,74.7125
"SUB142475","SDY202",25,"White","Female",NA,NA,70.5125
"SUB142476","SDY202",32,"White","Male",NA,NA,58.6
"SUB142477","SDY202",31,"White","Male",NA,NA,45.775
"SUB142478","SDY202",22,"White","Male",NA,NA,67.1625
"SUB142479","SDY202",24,"White","Female",NA,NA,52.75
"SUB142480","SDY202",25,"White","Female",NA,NA,68.8875
"SUB142481","SDY202",26,"White","Male",NA,NA,55.8625
"SUB142482","SDY202",26,"White","Female",NA,NA,66.3875
"SUB142483","SDY202",28,"White","Male",NA,NA,65.45
"SUB142484","SDY202",25,"White","Male",NA,NA,46.5
"SUB146425","SDY515",11.53,"White","Male",NA,NA,73.1
"SUB146426","SDY515",11.53,"White","Male",NA,NA,60
"SUB146427","SDY515",15.82,"Other","Male",NA,NA,53.6
"SUB146428","SDY515",15.82,"Other","Male",NA,NA,60.4
"SUB146429","SDY515",23.04,"White","Male",NA,NA,57.3
"SUB146430","SDY515",23.04,"White","Female",NA,NA,56.8
"SUB146434","SDY515",43.78,"Other","Female",NA,NA,50.2
"SUB146435","SDY515",50.38,"White","Male",NA,NA,64
"SUB146443","SDY515",75.89,"White","Male",NA,NA,50.4
"SUB146444","SDY515",75.89,"White","Male",NA,NA,56.2
"SUB146447","SDY515",45,"White","Female",NA,NA,46.1
"SUB146448","SDY515",45.05,"White","Male",NA,NA,61.1
"SUB146451","SDY515",72.08,"White","Male",NA,NA,44
"SUB146452","SDY515",72.08,"White","Male",NA,NA,76.8
"SUB146454","SDY515",19.48,"Asian","Female",NA,NA,66.4
"SUB146455","SDY515",27.44,"Asian","Female",NA,NA,60.6
"SUB146457","SDY515",48.58,"Black or African American","Female",NA,NA,69.6
"SUB146459","SDY515",54.09,"White","Female",NA,NA,60
"SUB146460","SDY515",54.09,"White","Female",NA,NA,71.7
"SUB146464","SDY515",53.9,"White","Female",NA,NA,63.8
"SUB146466","SDY515",12.7,"Other","Female",NA,NA,68.5
"SUB146467","SDY515",28.63,"White","Female",NA,NA,76.3
"SUB146470","SDY515",12.5,"White","Female",NA,NA,64.4
"SUB146471","SDY515",54.28,"White","Female",NA,NA,55.7
"SUB146472","SDY515",54.36,"White","Female",NA,NA,57.4
"SUB146475","SDY515",82.27,"White","Male",NA,NA,42.9
"SUB146478","SDY515",42.78,"White","Female",NA,NA,55.3
"SUB146479","SDY515",47.83,"Black or African American","Female",NA,NA,65.3
"SUB146481","SDY515",25.36,"White","Female",NA,NA,71
"SUB146482","SDY515",25.36,"Other","Female",NA,NA,58.8
"SUB146483","SDY515",53.03,"White","Female",NA,NA,45.7
"SUB146484","SDY515",53.03,"White","Male",NA,NA,51.2
"SUB146488","SDY515",12.67,"White","Male",NA,NA,72
"SUB146489","SDY515",19.55,"White","Male",NA,NA,79.1
"SUB146491","SDY515",23.81,"White","Male",NA,NA,64.9
"SUB146492","SDY515",23.81,"White","Male",NA,NA,66.6
"SUB146494","SDY515",54.32,"White","Male",NA,NA,43.7
"SUB146495","SDY515",43.86,"White","Female",NA,NA,80.5
"SUB146496","SDY515",43.86,"White","Female",NA,NA,77.8
"SUB146500","SDY515",17.41,"White","Female",NA,NA,72.2
"SUB146501","SDY515",22.49,"White","Female",NA,NA,68
"SUB146502","SDY515",22.49,"White","Female",NA,NA,73
"SUB146503","SDY515",22.1,"Other","Male",NA,NA,59.2
"SUB146504","SDY515",22.1,"Asian","Male",NA,NA,61.4
"SUB146505","SDY515",26.71,"Other","Male",NA,NA,61.6
"SUB146506","SDY515",26.71,"Other","Male",NA,NA,62.2
"SUB146513","SDY514",75.14,"White","Female",NA,NA,79.3875
"SUB146514","SDY514",48.28,"White","Male",NA,NA,81.0125
"SUB146515","SDY514",48.28,"White","Female",NA,NA,81.2
"SUB146516","SDY514",74.64,"Asian","Female",NA,NA,61.125
"SUB146517","SDY514",90,"White","Male",NA,NA,57.775
"SUB146518","SDY514",82.74,"White","Female",NA,NA,67.825
"SUB146519","SDY514",74.53,"White","Female",NA,NA,58.275
"SUB146520","SDY514",71.02,"White","Female",NA,NA,58.075
"SUB146521","SDY514",9.47,"White","Male",NA,NA,77.775
"SUB146522","SDY514",9.47,"White","Male",NA,NA,67.05
"SUB146523","SDY514",85.97,"White","Female",NA,NA,53.15
"SUB146524","SDY514",87.5,"White","Male",NA,NA,44.9
"SUB146525","SDY514",77.24,"White","Female",NA,NA,67.225
"SUB146526","SDY514",83.36,"White","Male",NA,NA,65.425
"SUB146527","SDY514",78.5,"White","Female",NA,NA,64.3875
"SUB146528","SDY514",85.4,"White","Female",NA,NA,51.325
"SUB146529","SDY514",48.15,"White","Male",NA,NA,74.875
"SUB146530","SDY514",48.15,"White","Male",NA,NA,69.525
"SUB146531","SDY514",15.97,"White","Male",NA,NA,70.6875
"SUB146532","SDY514",12.75,"White","Male",NA,NA,65.2125
"SUB146533","SDY514",12.75,"White","Male",NA,NA,68
"SUB146534","SDY514",74.59,"White","Female",NA,NA,64.0625
"SUB146535","SDY514",15.91,"White","Male",NA,NA,52.5375
"SUB146536","SDY514",87.12,"White","Female",NA,NA,58.9
"SUB146537","SDY514",88.27,"White","Female",NA,NA,76.2625
"SUB146538","SDY514",71.12,"White","Male",NA,NA,68.525
"SUB146539","SDY514",71.12,"White","Male",NA,NA,59.375
"SUB146540","SDY514",47.57,"Black or African American","Male",NA,NA,64.2875
"SUB146541","SDY514",47.58,"Black or African American","Female",NA,NA,56.3375
"SUB146542","SDY514",75.15,"White","Male",NA,NA,75.075
"SUB146543","SDY514",71.12,"White","Male",NA,NA,72.6125
"SUB146544","SDY514",71.12,"White","Male",NA,NA,18.4375
"SUB146545","SDY514",9.82,"White","Female",NA,NA,69.9
"SUB146546","SDY514",9.82,"White","Female",NA,NA,66.6625
"SUB146547","SDY514",71.95,"White","Male",NA,NA,60.4
"SUB146548","SDY514",71.84,"White","Male",NA,NA,68.3
"SUB146549","SDY514",71.84,"White","Male",NA,NA,62.7375
"SUB146550","SDY514",72.01,"White","Male",NA,NA,67.575
"SUB146551","SDY514",41.85,"White","Female",NA,NA,73.95
"SUB146552","SDY514",41.85,"White","Female",NA,NA,76.6
"SUB146553","SDY514",22.6,"White","Male",NA,NA,77.8875
"SUB146554","SDY514",22.6,"White","Male",NA,NA,75.3
"SUB146555","SDY514",72.53,"White","Female",NA,NA,66.6125
"SUB146556","SDY514",72.53,"White","Female",NA,NA,58.875
"SUB146557","SDY514",77.18,"White","Female",NA,NA,61.45
"SUB146558","SDY514",77.18,"White","Female",NA,NA,56.6875
"SUB146559","SDY514",15.73,"White","Female",NA,NA,65.9625
"SUB146560","SDY514",15.73,"White","Female",NA,NA,58.775
"SUB146561","SDY514",18.16,"White","Male",NA,NA,48.8
"SUB146562","SDY514",18.16,"Other","Male",NA,NA,58.15
"SUB146563","SDY514",73.49,"White","Female",NA,NA,54.05
"SUB146564","SDY514",27.48,"White","Female",NA,NA,70.5625
"SUB146565","SDY514",27.48,"White","Female",NA,NA,58.4875
"SUB146566","SDY514",41.99,"White","Female",NA,NA,48.525
"SUB146567","SDY514",41.99,"White","Female",NA,NA,45.9875
"SUB146568","SDY514",70.88,"White","Female",NA,NA,50.475
"SUB146569","SDY514",22.75,"White","Female",NA,NA,50.5375
"SUB146570","SDY514",22.72,"White","Female",NA,NA,57.4125
"SUB146571","SDY514",17.43,"White","Male",NA,NA,51.1125
"SUB146572","SDY514",17.43,"White","Male",NA,NA,53.25
"SUB146573","SDY514",25.37,"Other","Female",NA,NA,31.6125
"SUB146574","SDY514",25.37,"White","Female",NA,NA,41.2625
"SUB146575","SDY514",44.15,"Other","Female",NA,NA,63.125
"SUB146576","SDY514",44.15,"Other","Female",NA,NA,60.4
"SUB146577","SDY514",74.11,"White","Female",NA,NA,65.4125
"SUB146578","SDY514",79.03,"White","Female",NA,NA,72.8
"SUB146579","SDY514",20.26,"Other","Female",NA,NA,62.9375
"SUB146580","SDY514",20.26,"Other","Female",NA,NA,57.2375
"SUB146581","SDY514",27.59,"White","Male",NA,NA,74.2375
"SUB146582","SDY514",27.6,"White","Male",NA,NA,77.475
"SUB146583","SDY514",73.66,"White","Female",NA,NA,65.95
"SUB146588","SDY519",68.05,"White","Female",NA,NA,64.9
"SUB146589","SDY519",68.05,"White","Female",NA,NA,75
"SUB146590","SDY519",43.65,"Other","Female",NA,NA,58.5
"SUB146591","SDY519",43.68,"Asian","Female",NA,NA,51.9
"SUB146592","SDY519",74.81,"White","Male",NA,NA,55.7
"SUB146593","SDY519",74.81,"White","Male",NA,NA,67.3
"SUB146594","SDY519",68.93,"White","Female",NA,NA,68.1
"SUB146595","SDY519",68.93,"White","Female",NA,NA,58.4
"SUB146596","SDY519",61.09,"White","Female",NA,NA,63.1
"SUB146597","SDY519",61.09,"White","Male",NA,NA,68.2
"SUB146598","SDY519",30.71,"Other","Female",NA,NA,52.9
"SUB146599","SDY519",30.71,"Other","Female",NA,NA,68.2
"SUB146600","SDY519",50.78,"White","Female",NA,NA,79.5
"SUB146601","SDY519",50.78,"White","Female",NA,NA,76.5
"SUB146602","SDY519",21.5,"White","Female",NA,NA,48.9
"SUB146603","SDY519",21.5,"White","Male",NA,NA,44.9
"SUB146604","SDY519",54.13,"White","Male",NA,NA,70.5
"SUB146605","SDY519",54.11,"White","Female",NA,NA,81.1
"SUB146606","SDY519",24.44,"Other","Female",NA,NA,71.6
"SUB146607","SDY519",24.45,"White","Male",NA,NA,69.7
"SUB146608","SDY519",55.8,"White","Male",NA,NA,69.7
"SUB146609","SDY519",55.78,"White","Male",NA,NA,71
"SUB146610","SDY519",49.8,"White","Female",NA,NA,73.7
"SUB146611","SDY519",49.67,"White","Female",NA,NA,76.1
"SUB146612","SDY519",59.79,"Other","Female",NA,NA,70.3
"SUB146613","SDY519",59.79,"Other","Female",NA,NA,55
"SUB146616","SDY519",56.11,"White","Male",NA,NA,68.2
"SUB146620","SDY519",45.7,"Asian","Female",NA,NA,70.3
"SUB146622","SDY519",29.16,"Other","Female",NA,NA,61.7
"SUB146623","SDY519",29.16,"White","Female",NA,NA,62.2
"SUB146624","SDY519",28.76,"White","Female",NA,NA,69
"SUB146626","SDY519",65.01,"White","Female",NA,NA,82.4
"SUB146627","SDY519",65.01,"White","Female",NA,NA,67.7
"SUB146629","SDY519",25.18,"White","Female",NA,NA,66.6
"SUB146630","SDY519",23.43,"White","Male",NA,NA,61.7
"SUB146632","SDY519",42.28,"White","Female",NA,NA,66.1
"SUB146633","SDY519",42.29,"Other","Female",NA,NA,74.2
"SUB146634","SDY519",53.99,"White","Female",NA,NA,43.7
"SUB146636","SDY519",53.82,"White","Male",NA,NA,64.15
"SUB146637","SDY519",53.82,"White","Male",NA,NA,63.2
"SUB146638","SDY519",63.61,"Other","Female",NA,NA,39.3
"SUB146639","SDY519",63.61,"White","Female",NA,NA,46.6
"SUB146640","SDY519",42.08,"White","Male",NA,NA,64
"SUB146641","SDY519",42.08,"White","Male",NA,NA,67.6
"SUB146643","SDY519",73.63,"White","Male",NA,NA,71.3
"SUB146644","SDY519",28.01,"White","Female",NA,NA,50.4
"SUB146646","SDY519",19.87,"White","Female",NA,NA,76.1
"SUB146647","SDY519",19.87,"White","Female",NA,NA,78.3
"SUB165856","SDY702",55,"Black or African American","Female",7.6,0,8.1
"SUB165857","SDY702",39,"Other","Male",6.6,8.7,18.5
"SUB165859","SDY702",19,"White","Male",0,0,0
"SUB165860","SDY702",50,"White","Female",0,0,0
"SUB165863","SDY702",32,"White","Male",8.3,28.9,45.8
"SUB165864","SDY702",30,"White","Male",14.3,11.5,20.9
"SUB165865","SDY702",22,"Other","Male",35.4,33.7,49.4
"SUB165866","SDY702",54,"Black or African American","Female",8.8,9.5,20.9
"SUB165867","SDY702",60,"Black or African American","Female",11.8,18.2,32.9
"SUB165868","SDY702",50,"White","Male",74.7,NA,84
"SUB165869","SDY702",37,"Other","Male",0,NA,0
"SUB165870","SDY702",45,"White","Male",62.9,NA,76.2
"SUB165871","SDY702",45,"White","Male",61,NA,76.3
"SUB165873","SDY702",45,"Other","Male",0,0,0
"SUB165875","SDY702",51,"White","Male",10.5,9.3,26.2
"SUB165876","SDY702",17,"Black or African American","Male",22.6,19.8,34.8
"SUB165878","SDY702",73,"Other","Female",2.9,3.7,8.4
"SUB165888","SDY702",3,"Black or African American","Female",0,0,0
"SUB165889","SDY702",41,"White","Male",0,0,0
"SUB165897","SDY702",57,"Black or African American","Female",14.7,35.9,48.4
"SUB165898","SDY702",25,"Other","Male",6.6,23.7,37.1
"SUB165900","SDY702",4,"Other","Female",27.8,44,69.3
"SUB165902","SDY702",43,"Other","Male",20.9,34.7,58.3
"SUB165905","SDY702",5,"Other","Female",5.7,14.3,93.3
